image_id,split
img_002660,validation
img_000118,train
img_001774,train
img_002634,test
img_003324,train
img_002317,validation
img_001164,train
img_002901,train
img_000797,test
img_003505,train
img_002252,train
img_003413,train
img_002366,train
img_000052,test
img_001082,train
img_000612,train
img_001159,train
img_002813,train
img_000165,train
img_001943,train
img_000751,validation
img_000838,validation
img_002564,train
img_003014,test
img_000255,train
img_002157,train
img_001017,train
img_002054,train
img_002207,train
img_001961,train
img_001523,test
img_000407,train
img_000041,train
img_001075,test
img_003684,train
img_000803,train
img_001676,train
img_002423,train
img_001603,train
img_001647,train
img_002624,train
img_000675,train
img_001735,train
img_000493,validation
img_001837,train
img_001653,validation
img_002350,test
img_002148,train
img_000845,test
img_002001,test
img_002992,train
img_000711,test
img_001982,validation
img_002933,validation
img_002191,validation
img_000378,test
img_000740,train
img_003502,train
img_003494,test
img_000403,train
img_003499,train
img_001347,train
img_003399,train
img_003350,train
img_000282,train
img_002945,train
img_002781,train
img_003018,train
img_000804,test
img_002567,train
img_000901,test
img_002986,train
img_003741,train
img_001360,train
img_002795,test
img_000164,validation
img_001872,train
img_003543,test
img_000473,train
img_003019,train
img_001025,validation
img_002744,train
img_002231,validation
img_001248,train
img_003185,train
img_001496,validation
img_000249,train
img_002089,train
img_000542,train
img_002046,train
img_001227,validation
img_002921,train
img_000438,validation
img_003624,train
img_000646,train
img_000860,test
img_003463,train
img_001877,train
img_001734,validation
img_003229,train
img_002706,train
img_000098,test
img_000538,train
img_002485,train
img_002087,test
img_001310,test
img_003302,test
img_002371,train
img_000324,train
img_002286,validation
img_003001,validation
img_000230,train
img_003478,train
img_003418,train
img_002187,test
img_003243,test
img_002105,validation
img_001085,train
img_001441,train
img_001573,train
img_001432,train
img_002889,train
img_002736,train
img_002212,train
img_001318,validation
img_001476,train
img_001259,train
img_002269,train
img_001766,validation
img_002182,train
img_002963,train
img_001694,validation
img_000459,test
img_003670,train
img_000433,validation
img_002029,test
img_003638,validation
img_000218,validation
img_003586,validation
img_000967,test
img_001974,train
img_002103,train
img_000918,train
img_001515,train
img_001136,train
img_002580,train
img_003519,train
img_002051,test
img_000323,train
img_001790,train
img_002559,validation
img_002188,train
img_000773,validation
img_002349,train
img_002720,train
img_003443,train
img_003044,test
img_002230,train
img_000511,validation
img_003398,train
img_001140,train
img_000453,test
img_002229,validation
img_001071,train
img_000214,train
img_001655,train
img_001812,train
img_002510,train
img_002253,train
img_002165,train
img_003094,train
img_002944,test
img_001480,validation
img_002193,test
img_001382,train
img_000079,validation
img_001558,train
img_001380,train
img_000525,train
img_002083,test
img_000296,train
img_001944,train
img_001890,train
img_002415,train
img_002631,test
img_002088,validation
img_002457,train
img_002321,train
img_000024,train
img_001007,train
img_002169,train
img_000597,train
img_000344,train
img_001993,train
img_001274,train
img_003644,train
img_000420,train
img_003208,train
img_002149,train
img_002257,train
img_000236,train
img_002794,train
img_002436,train
img_003582,train
img_001657,test
img_002405,train
img_002755,train
img_001619,train
img_002506,validation
img_001780,train
img_002175,test
img_003188,train
img_002682,train
img_002595,train
img_003572,train
img_000127,train
img_001784,train
img_000013,train
img_001994,train
img_000756,train
img_002645,test
img_001585,test
img_000528,train
img_003541,train
img_002725,validation
img_000747,validation
img_003674,validation
img_002960,train
img_003138,train
img_000776,validation
img_001420,train
img_003099,train
img_000908,test
img_003645,train
img_003542,train
img_002587,train
img_001387,train
img_002353,train
img_001941,train
img_002047,validation
img_003277,train
img_002414,train
img_000102,train
img_000464,test
img_001042,train
img_001958,validation
img_003083,validation
img_003565,test
img_002006,train
img_002719,train
img_001107,train
img_002690,validation
img_000865,train
img_003669,train
img_000134,train
img_000553,train
img_001553,train
img_001306,test
img_000333,validation
img_001995,train
img_001666,train
img_001513,train
img_003269,train
img_001369,validation
img_002246,test
img_001470,validation
img_003602,train
img_000868,validation
img_003365,train
img_001991,train
img_001940,validation
img_000262,test
img_000124,test
img_001880,train
img_001968,test
img_001554,train
img_003613,train
img_000439,validation
img_002739,train
img_002409,train
img_002146,test
img_003736,test
img_000526,train
img_002323,train
img_002331,train
img_002432,train
img_002138,train
img_000400,train
img_001869,train
img_001466,validation
img_003076,train
img_002926,test
img_003153,test
img_003597,train
img_000750,test
img_003663,train
img_002619,train
img_001069,train
img_001461,train
img_001899,train
img_002897,validation
img_000812,train
img_000592,train
img_000088,test
img_003431,validation
img_003639,train
img_001388,train
img_002076,train
img_001312,validation
img_002186,train
img_003092,train
img_001979,test
img_003374,train
img_003293,train
img_001642,validation
img_001237,train
img_003244,train
img_000914,train
img_003593,train
img_001403,validation
img_001498,train
img_003306,train
img_000381,validation
img_001029,validation
img_000987,train
img_000840,train
img_000338,train
img_001049,test
img_002361,train
img_002589,train
img_003048,train
img_001099,train
img_003213,train
img_001618,test
img_001624,train
img_001459,validation
img_000909,train
img_000250,validation
img_000313,test
img_003036,train
img_003535,test
img_000287,train
img_002009,test
img_000968,test
img_002318,train
img_003114,train
img_002503,train
img_002389,train
img_003393,train
img_000105,test
img_000878,test
img_001897,train
img_002678,train
img_000807,train
img_002998,train
img_002220,train
img_002488,test
img_003262,train
img_003338,train
img_000081,train
img_001240,validation
img_003193,train
img_001916,validation
img_001168,train
img_002603,train
img_003450,train
img_000731,train
img_000075,train
img_001712,train
img_003448,test
img_003047,validation
img_003442,validation
img_000358,train
img_002461,train
img_002107,validation
img_000576,train
img_001864,train
img_000451,train
img_001000,train
img_003748,validation
img_001114,train
img_000283,train
img_002993,train
img_002707,train
img_001548,train
img_002843,train
img_000007,train
img_000301,test
img_002968,train
img_000720,train
img_003547,train
img_000062,train
img_000444,test
img_000623,test
img_002565,test
img_002504,train
img_002523,train
img_002465,train
img_001852,train
img_001117,test
img_003195,train
img_001716,train
img_003633,train
img_000261,train
img_000248,validation
img_002085,test
img_001840,test
img_002037,train
img_002751,train
img_001517,train
img_002475,train
img_000714,train
img_002176,train
img_001365,train
img_000537,train
img_002345,train
img_001033,validation
img_001109,train
img_003415,train
img_002395,train
img_001706,train
img_002012,validation
img_002557,test
img_001411,train
img_001058,test
img_000471,train
img_001070,train
img_001598,test
img_000580,validation
img_001904,train
img_002362,train
img_000678,train
img_002649,train
img_003234,train
img_003640,test
img_002280,test
img_003384,validation
img_001142,train
img_003628,train
img_000544,train
img_000583,train
img_003051,train
img_003223,train
img_000414,validation
img_003576,train
img_001605,validation
img_001792,validation
img_002255,train
img_003287,test
img_000552,train
img_001568,test
img_001407,train
img_001353,train
img_003348,train
img_003375,validation
img_002464,train
img_002143,validation
img_002394,train
img_000091,train
img_001418,validation
img_002210,train
img_002127,train
img_001527,train
img_000392,validation
img_001721,train
img_003546,train
img_003115,train
img_003691,train
img_001749,train
img_001421,train
img_000060,train
img_002597,validation
img_000811,train
img_001755,train
img_001113,train
img_002057,train
img_002204,test
img_002896,train
img_001915,train
img_003276,train
img_000783,train
img_000160,train
img_000683,test
img_002700,train
img_000624,train
img_002406,train
img_001604,train
img_003513,train
img_001300,validation
img_003694,train
img_001246,train
img_002365,train
img_000099,train
img_000050,train
img_001381,train
img_002974,train
img_001425,train
img_002655,train
img_002373,test
img_002492,train
img_000399,train
img_003529,train
img_001054,test
img_002250,test
img_001211,train
img_003510,train
img_003325,train
img_000418,train
img_001210,train
img_000889,test
img_003121,train
img_003281,test
img_002604,validation
img_003184,train
img_002688,test
img_003685,train
img_001646,train
img_001419,train
img_000808,test
img_002687,test
img_001633,train
img_002832,train
img_000474,train
img_001429,train
img_002754,train
img_001260,train
img_003120,train
img_000405,train
img_002576,train
img_002757,validation
img_002782,train
img_001342,train
img_002806,validation
img_000279,train
img_001663,train
img_000309,train
img_000161,train
img_002254,train
img_003209,train
img_000661,train
img_001770,test
img_000734,train
img_002454,train
img_002192,train
img_003354,validation
img_000228,train
img_002445,validation
img_003264,validation
img_001010,train
img_000123,train
img_000574,train
img_001487,train
img_001785,train
img_001756,validation
img_003050,train
img_003621,train
img_001823,test
img_002398,train
img_001272,test
img_000345,train
img_001385,train
img_000394,train
img_003179,test
img_002154,test
img_002855,validation
img_000056,train
img_000635,validation
img_000176,train
img_000517,test
img_001414,train
img_003107,train
img_001122,validation
img_001087,validation
img_001524,train
img_003127,train
img_000856,validation
img_000408,test
img_002909,test
img_003518,train
img_002404,train
img_002080,train
img_001534,train
img_001776,train
img_001412,test
img_003557,validation
img_001351,train
img_003641,train
img_001571,train
img_003467,train
img_002199,test
img_000371,validation
img_001301,train
img_002310,train
img_003294,test
img_001559,train
img_000076,train
img_002425,validation
img_000848,train
img_003328,train
img_002602,train
img_001883,train
img_002672,train
img_001789,train
img_000140,train
img_002809,train
img_001532,train
img_001696,train
img_001939,train
img_001969,train
img_000547,validation
img_002662,train
img_000777,train
img_001942,validation
img_000005,test
img_000911,validation
img_000502,train
img_002585,train
img_001238,validation
img_003708,train
img_003065,train
img_000092,test
img_001906,train
img_001627,test
img_003355,train
img_001557,validation
img_002392,train
img_003159,train
img_002444,test
img_003272,train
img_000274,train
img_001855,train
img_002536,train
img_003401,train
img_002314,train
img_001305,train
img_003204,test
img_003219,train
img_002402,validation
img_000754,train
img_002835,train
img_003412,validation
img_001606,train
img_003506,validation
img_002693,test
img_000068,train
img_002386,validation
img_001068,train
img_003682,validation
img_000350,test
img_002508,test
img_000628,train
img_003749,test
img_003046,validation
img_000231,train
img_000046,train
img_002702,train
img_002588,train
img_003719,train
img_002780,validation
img_001127,train
img_001215,train
img_002196,validation
img_000739,train
img_000022,train
img_000850,validation
img_001299,train
img_003078,train
img_002759,train
img_003471,train
img_001957,validation
img_002364,train
img_000958,train
img_001160,train
img_001451,train
img_000369,train
img_001891,train
img_000154,train
img_001289,train
img_002891,train
img_002535,train
img_000810,train
img_000084,train
img_002329,train
img_002225,train
img_001280,validation
img_001665,train
img_001876,train
img_000185,test
img_001265,train
img_002883,validation
img_000004,train
img_003167,train
img_003118,test
img_003361,validation
img_001949,train
img_002221,train
img_000491,train
img_002036,train
img_000869,train
img_000700,test
img_001258,train
img_003544,validation
img_001153,test
img_000829,train
img_003387,test
img_001820,train
img_001271,train
img_002570,train
img_001793,test
img_000331,train
img_002793,train
img_003656,train
img_001903,validation
img_000825,validation
img_002967,train
img_000774,train
img_002152,train
img_002995,validation
img_001094,train
img_002452,train
img_002873,train
img_003473,train
img_003745,validation
img_001578,validation
img_002663,train
img_003695,train
img_003162,train
img_002671,validation
img_003356,train
img_002306,train
img_003554,train
img_000995,train
img_000758,train
img_000837,train
img_001334,validation
img_000128,train
img_000632,train
img_003660,train
img_002068,train
img_000944,train
img_002989,train
img_001294,validation
img_003186,test
img_002416,train
img_000888,train
img_003062,validation
img_000120,train
img_002374,train
img_002019,validation
img_001373,train
img_003146,train
img_003155,train
img_001708,train
img_000919,train
img_002578,test
img_001719,train
img_000755,train
img_001243,train
img_002018,train
img_000698,validation
img_000589,train
img_000570,train
img_000527,train
img_000996,train
img_000969,train
img_000456,validation
img_003630,test
img_003029,train
img_001226,train
img_002888,train
img_001727,test
img_001846,train
img_001154,train
img_003240,test
img_002301,train
img_002748,test
img_003304,train
img_003137,validation
img_002894,train
img_003709,train
img_003400,validation
img_000002,train
img_001505,train
img_002701,train
img_002540,validation
img_002469,test
img_000291,train
img_000699,validation
img_001304,test
img_002716,train
img_000382,train
img_001356,train
img_002849,train
img_003530,validation
img_000568,train
img_002903,train
img_001383,train
img_003671,validation
img_003636,train
img_000242,train
img_001256,validation
img_001884,train
img_000608,train
img_003705,train
img_000251,test
img_002228,validation
img_001031,train
img_001173,train
img_001426,train
img_002309,train
img_001824,train
img_003507,train
img_000174,train
img_001316,train
img_001983,train
img_001194,train
img_002771,test
img_003459,validation
img_003317,train
img_001009,validation
img_000737,train
img_002961,test
img_002114,train
img_003552,train
img_002303,train
img_000312,train
img_000126,train
img_003487,train
img_002300,test
img_001296,train
img_001408,test
img_001325,train
img_001773,train
img_001671,test
img_002829,validation
img_000947,validation
img_001757,test
img_001063,train
img_003059,train
img_002289,train
img_001138,train
img_000426,train
img_000017,test
img_002857,train
img_003523,train
img_000193,train
img_001645,train
img_000113,train
img_002548,train
img_002885,train
img_001067,validation
img_000069,train
img_002766,train
img_002340,test
img_003724,train
img_000303,train
img_001931,train
img_003441,train
img_001344,train
img_003457,train
img_001492,train
img_001775,train
img_002746,train
img_002422,train
img_002962,train
img_002238,train
img_000895,train
img_000281,train
img_003012,train
img_000116,train
img_002862,train
img_003353,train
img_001834,validation
img_002109,train
img_002861,validation
img_001873,train
img_001912,train
img_001361,train
img_001754,validation
img_001620,train
img_000581,train
img_000182,train
img_000110,train
img_000449,train
img_001689,train
img_002601,train
img_001134,train
img_003298,train
img_002227,test
img_002442,train
img_003134,train
img_002681,train
img_001561,test
img_002153,train
img_000210,train
img_000631,train
img_002430,train
img_000793,train
img_002159,train
img_001121,train
img_003653,test
img_001677,train
img_003168,train
img_002549,train
img_000145,train
img_003334,train
img_000913,validation
img_001338,train
img_001084,test
img_001375,train
img_002122,train
img_001635,test
img_002904,train
img_001231,train
img_000362,test
img_001503,train
img_000508,train
img_001997,train
img_001934,train
img_000988,train
img_000286,test
img_001108,train
img_000567,train
img_002937,test
img_001416,train
img_001224,validation
img_001681,train
img_000696,validation
img_001206,validation
img_003108,train
img_001253,train
img_000298,train
img_002583,test
img_002042,train
img_000351,train
img_000835,validation
img_000516,train
img_000656,train
img_001871,validation
img_001519,train
img_001540,train
img_000388,train
img_000942,train
img_003367,train
img_002822,train
img_002091,train
img_003068,train
img_002554,train
img_000409,test
img_003460,train
img_003525,train
img_000428,train
img_001538,test
img_002359,validation
img_000546,train
img_002642,train
img_003608,train
img_000446,train
img_000905,test
img_002096,train
img_000148,validation
img_002517,train
img_001315,train
img_002421,train
img_001439,train
img_001081,test
img_003182,train
img_001787,test
img_000020,train
img_001526,train
img_000061,train
img_002133,train
img_000572,train
img_003389,train
img_000087,validation
img_000059,validation
img_000406,train
img_002689,train
img_002288,validation
img_003260,train
img_000135,train
img_001449,train
img_000682,test
img_001484,train
img_000852,train
img_002626,test
img_000658,train
img_000299,train
img_002197,validation
img_000709,train
img_000939,train
img_002342,train
img_003284,test
img_003493,train
img_003590,train
img_002443,train
img_002276,train
img_000736,train
img_001395,train
img_000558,train
img_002810,train
img_001752,train
img_000938,validation
img_001321,validation
img_001323,validation
img_003149,train
img_002650,test
img_002348,train
img_002142,train
img_000367,train
img_001611,train
img_002818,train
img_002048,validation
img_003143,validation
img_003274,train
img_002841,train
img_002328,train
img_000284,test
img_003524,train
img_001658,train
img_002850,train
img_003486,train
img_003675,train
img_002815,validation
img_002115,train
img_001570,train
img_000432,train
img_003370,test
img_002639,train
img_001337,test
img_000021,train
img_000778,train
img_002900,train
img_003646,train
img_003738,test
img_000064,train
img_000204,train
img_001572,train
img_000477,train
img_002828,train
img_002733,train
img_001053,train
img_002456,train
img_002804,test
img_003411,train
img_001123,validation
img_002847,train
img_001847,train
img_002528,train
img_002772,train
img_001625,train
img_001406,train
img_000108,train
img_001911,train
img_003257,test
img_001695,train
img_003227,validation
img_002924,test
img_001973,train
img_000686,test
img_000762,train
img_001221,train
img_003057,train
img_001230,validation
img_002981,train
img_000817,train
img_001182,train
img_001913,train
img_000515,train
img_003678,train
img_000957,train
img_002658,test
img_000435,train
img_002574,train
img_000634,validation
img_003746,validation
img_002292,train
img_000393,train
img_000499,train
img_003226,train
img_000211,train
img_000119,validation
img_000206,train
img_001191,train
img_003625,train
img_000427,train
img_001832,train
img_001263,validation
img_000327,train
img_002948,test
img_001417,train
img_001235,train
img_000475,train
img_001190,train
img_001060,train
img_001699,test
img_001493,train
img_003532,train
img_002973,validation
img_001889,train
img_002108,train
img_002179,train
img_002053,train
img_001066,train
img_003642,validation
img_003430,train
img_002892,validation
img_001290,validation
img_002776,train
img_000190,train
img_001386,validation
img_002237,train
img_002211,test
img_001803,validation
img_003714,train
img_002579,train
img_003445,test
img_000931,train
img_000159,train
img_000695,train
img_001674,train
img_001975,train
img_003096,validation
img_003464,train
img_000767,train
img_001247,train
img_001438,train
img_000349,train
img_003052,train
img_000198,train
img_002244,train
img_000235,train
img_000833,train
img_001062,validation
img_000387,train
img_002139,test
img_001355,test
img_001494,train
img_003205,validation
img_002177,validation
img_001463,train
img_001452,validation
img_003614,validation
img_001345,validation
img_003735,train
img_000864,train
img_001005,train
img_000636,test
img_000496,train
img_002738,train
img_000478,validation
img_000959,train
img_000971,train
img_000078,train
img_003080,train
img_003508,train
img_002315,test
img_002859,train
img_003652,train
img_002200,train
img_003742,train
img_000541,train
img_002684,train
img_000226,train
img_001767,train
img_003372,train
img_002752,train
img_003024,train
img_002994,train
img_003040,train
img_002530,train
img_003006,validation
img_001232,train
img_001758,test
img_002431,train
img_003404,train
img_000961,train
img_003622,train
img_002907,validation
img_000557,train
img_000977,train
img_003433,train
img_001560,train
img_000212,train
img_002899,train
img_001012,train
img_003405,validation
img_001998,train
img_002213,train
img_001208,train
img_002820,train
img_003238,train
img_000112,validation
img_001701,train
img_000625,train
img_002079,train
img_001346,train
img_000421,test
img_001195,train
img_001753,train
img_000374,validation
img_001106,train
img_000227,train
img_003733,train
img_002014,train
img_001854,test
img_000252,train
img_000689,train
img_002491,train
img_000518,train
img_003592,train
img_002527,test
img_003654,train
img_003388,train
img_003484,train
img_002236,train
img_000701,validation
img_001777,train
img_000401,train
img_002977,train
img_003435,train
img_002272,train
img_003251,train
img_002033,train
img_000422,train
img_000202,train
img_001545,test
img_003016,validation
img_002097,train
img_002674,train
img_003296,test
img_000715,train
img_002355,validation
img_001506,train
img_003169,train
img_001685,test
img_001827,validation
img_003698,test
img_000757,test
img_001161,train
img_002726,train
img_000168,train
img_000842,train
img_001217,train
img_002969,train
img_000876,train
img_001120,train
img_001759,train
img_002273,train
img_002877,train
img_000521,validation
img_002826,validation
img_000899,train
img_001659,test
img_002251,train
img_003202,test
img_001131,validation
img_001905,test
img_002696,train
img_002946,train
img_001849,test
img_001791,train
img_000529,train
img_000197,train
img_000940,train
img_002651,train
img_001914,train
img_000133,validation
img_002571,test
img_003308,train
img_000337,train
img_001938,train
img_000152,train
img_001339,train
img_001309,train
img_003716,train
img_002575,train
img_002509,train
img_001764,train
img_001976,train
img_003417,test
img_003599,validation
img_001556,train
img_000707,train
img_003426,train
img_003728,train
img_003079,train
img_002518,validation
img_002287,train
img_000800,test
img_001218,train
img_001765,train
img_002676,train
img_003097,train
img_000029,train
img_001453,test
img_003454,test
img_001384,train
img_000410,test
img_003610,validation
img_000885,train
img_002467,train
img_003712,train
img_000215,train
img_000167,train
img_001433,train
img_000668,test
img_001424,train
img_002382,validation
img_002621,train
img_001465,train
img_002367,train
img_000839,test
img_003100,validation
img_000329,train
img_003291,train
img_000866,train
img_001359,train
img_003534,train
img_002070,train
img_003279,train
img_003474,test
img_000355,test
img_000665,test
img_001782,train
img_003330,train
img_000498,validation
img_000622,train
img_003704,test
img_001810,test
img_003564,validation
img_001047,validation
img_002240,validation
img_001874,train
img_001244,test
img_000915,train
img_002679,validation
img_000500,train
img_002214,train
img_001999,train
img_001882,train
img_000220,train
img_003721,train
img_003481,validation
img_002038,train
img_003649,train
img_000690,train
img_003341,train
img_002763,train
img_002262,train
img_000257,train
img_003453,train
img_001204,train
img_001297,train
img_000928,train
img_003206,train
img_002774,train
img_000270,validation
img_002970,test
img_003344,train
img_001628,train
img_001199,train
img_003037,test
img_001814,validation
img_000743,train
img_000385,train
img_001008,train
img_002189,train
img_000801,train
img_003133,train
img_001984,validation
img_000156,train
img_003069,test
img_003222,train
img_000415,train
img_002615,train
img_003490,validation
img_002125,train
img_002734,train
img_002265,train
img_002130,validation
img_000531,train
img_000949,train
img_003395,test
img_000894,test
img_000130,train
img_000892,train
img_000769,train
img_002514,test
img_001711,train
img_000302,train
img_001021,train
img_001177,test
img_000083,train
img_002092,train
img_002703,train
img_001322,validation
img_000452,train
img_000906,validation
img_002040,train
img_001673,train
img_003151,train
img_002381,train
img_000486,train
img_000741,train
img_003329,validation
img_003482,train
img_002486,train
img_000821,train
img_002324,validation
img_001331,train
img_002052,train
img_003034,validation
img_003403,train
img_003007,train
img_001220,train
img_000129,train
img_000890,train
img_000104,train
img_001584,test
img_003377,train
img_003283,train
img_003470,train
img_003489,test
img_001574,train
img_001563,train
img_000232,train
img_000306,train
img_001630,train
img_001868,test
img_001102,validation
img_003067,train
img_000490,train
img_002304,train
img_000733,train
img_003635,test
img_002376,train
img_000670,validation
img_002158,train
img_001597,train
img_003444,train
img_003349,train
img_000818,test
img_003221,validation
img_000993,train
img_000437,train
img_001552,test
img_003156,validation
img_002519,train
img_001555,train
img_001590,train
img_000697,validation
img_001052,train
img_002458,test
img_001607,train
img_001410,train
img_001632,test
img_003462,train
img_003072,train
img_000784,test
img_002171,train
img_003311,train
img_002622,train
img_001126,train
img_002129,train
img_002943,train
img_003517,train
img_000058,train
img_002507,validation
img_003228,validation
img_003101,train
img_000106,train
img_002562,train
img_001083,test
img_002704,train
img_001034,train
img_002653,train
img_001479,train
img_002568,train
img_001486,train
img_003071,train
img_002683,train
img_000070,train
img_003657,train
img_000565,train
img_003013,train
img_002013,train
img_003575,train
img_000016,train
img_000513,train
img_001936,train
img_003661,train
img_002380,train
img_001350,train
img_001367,train
img_000166,test
img_003566,train
img_003125,validation
img_002319,train
img_003725,train
img_001144,train
img_002209,train
img_000377,train
img_001436,train
img_000619,train
img_003077,train
img_002692,test
img_000384,train
img_001981,test
img_003351,validation
img_001163,train
img_003158,validation
img_000031,test
img_002983,train
img_001907,train
img_001954,train
img_001576,train
img_000611,train
img_003055,train
img_003345,train
img_003320,train
img_002066,train
img_000533,validation
img_000179,train
img_000346,train
img_001725,train
img_001396,train
img_001514,validation
img_002296,train
img_003618,train
img_002077,train
img_002737,test
img_002918,train
img_000293,train
img_003498,test
img_000630,train
img_001464,test
img_003679,train
img_003039,validation
img_002181,train
img_002925,train
img_002647,test
img_001582,train
img_000153,test
img_002446,test
img_002801,train
img_001188,train
img_003744,train
img_000994,train
img_001893,train
img_000728,train
img_003692,test
img_002670,validation
img_001551,train
img_003232,train
img_001269,train
img_000680,train
img_003017,train
img_003488,train
img_001652,train
img_003425,train
img_000265,train
img_001129,validation
img_000727,train
img_000861,train
img_002839,train
img_000341,test
img_003245,validation
img_003178,train
img_002666,train
img_002164,train
img_001448,train
img_001928,test
img_001616,validation
img_001358,train
img_000318,train
img_002526,train
img_000200,train
img_000288,test
img_000819,train
img_002063,test
img_000332,train
img_002714,train
img_000867,train
img_001964,train
img_000144,train
img_003063,train
img_001286,train
img_001636,test
img_001858,test
img_000364,train
img_001588,train
img_002922,train
img_001510,train
img_001471,train
img_003280,train
img_000926,test
img_000787,train
img_001435,train
img_000599,validation
img_003212,train
img_001497,train
img_001901,train
img_003537,train
img_000011,train
img_000768,train
img_000469,train
img_000308,validation
img_000466,train
img_001952,validation
img_000884,train
img_002100,train
img_002071,test
img_001641,validation
img_000691,test
img_001672,train
img_002352,test
img_002121,validation
img_000563,train
img_000094,test
img_003584,train
img_000615,train
img_003359,train
img_000927,train
img_002544,train
img_003603,train
img_002936,train
img_001500,train
img_001020,test
img_001508,train
img_000277,validation
img_001970,train
img_001953,validation
img_003364,train
img_003139,train
img_002396,validation
img_000379,test
img_001475,train
img_003619,train
img_000441,train
img_001027,test
img_002743,train
img_003380,validation
img_000954,train
img_003199,train
img_002106,train
img_002393,train
img_001599,train
img_001428,validation
img_003109,validation
img_000447,train
img_003196,train
img_002419,train
img_002999,validation
img_002081,validation
img_001223,train
img_002302,train
img_001141,validation
img_000590,train
img_000606,train
img_000596,validation
img_003408,test
img_001972,validation
img_000875,train
img_000096,train
img_000626,test
img_002034,validation
img_002524,train
img_001920,train
img_003605,train
img_000030,test
img_002483,validation
img_003591,validation
img_000902,train
img_002027,train
img_001739,train
img_000482,test
img_001295,train
img_001808,train
img_002327,train
img_002533,train
img_002093,test
img_000759,train
img_003421,test
img_003397,train
img_002691,train
img_001307,train
img_002762,train
img_003327,test
img_003316,train
img_001717,train
img_002811,train
img_003187,train
img_000643,train
img_001276,test
img_003504,train
img_000588,train
img_002563,train
img_002957,test
img_001255,validation
img_001413,test
img_001843,train
img_003533,train
img_003066,train
img_003286,train
img_001634,train
img_001875,train
img_000431,test
img_003152,test
img_003707,train
img_000278,test
img_003672,validation
img_002641,train
img_001434,train
img_003128,train
img_001389,train
img_002218,train
img_003180,train
img_002017,validation
img_001281,train
img_002987,test
img_003651,train
img_002827,train
img_003004,train
img_002072,train
img_003668,validation
img_001038,validation
img_001251,train
img_000607,train
img_000937,train
img_002119,train
img_002955,train
img_003689,test
img_003164,train
img_000223,validation
img_002320,train
img_002929,train
img_003340,train
img_003132,train
img_001015,train
img_000040,train
img_000556,train
img_002016,test
img_000637,train
img_001273,train
img_001546,validation
img_001184,train
img_000664,train
img_000785,train
img_003428,test
img_003335,validation
img_003020,train
img_001649,train
img_002098,train
img_001728,train
img_003307,train
img_002667,train
img_001095,train
img_001499,train
img_003095,train
img_001845,train
img_000571,train
img_003061,train
img_003337,test
img_002067,train
img_001886,test
img_001741,train
img_001022,train
img_002337,train
img_001851,train
img_000816,train
img_002941,train
img_000044,validation
img_002600,test
img_000365,train
img_002727,test
img_001664,test
img_002099,test
img_002372,train
img_001135,test
img_001933,train
img_003676,validation
img_000730,train
img_000655,train
img_001446,train
img_001333,train
img_002004,train
img_003394,train
img_003015,validation
img_003003,validation
img_002502,train
img_001844,validation
img_000722,train
img_000487,train
img_002637,test
img_003157,train
img_001929,test
img_002298,train
img_001786,test
img_003263,test
img_003255,validation
img_001550,train
img_001822,validation
img_002451,train
img_002476,train
img_001048,train
img_001769,validation
img_001080,train
img_000638,test
img_000946,train
img_001622,train
img_001362,train
img_003145,train
img_002136,train
img_003233,train
img_002546,train
img_002844,train
img_001019,train
img_003191,train
img_001707,train
img_000832,test
img_000598,train
img_001443,train
img_003035,validation
img_002695,train
img_002020,test
img_000795,train
img_000763,validation
img_002440,test
img_002586,train
img_002648,train
img_001702,validation
img_000326,test
img_002628,validation
img_002845,train
img_003568,train
img_003088,train
img_000402,train
img_002390,train
img_000953,train
img_000672,train
img_002378,train
img_002010,train
img_001522,train
img_001683,validation
img_000535,train
img_003423,validation
img_003027,validation
img_002572,train
img_003697,train
img_003567,train
img_003131,train
img_002041,train
img_000744,train
img_000311,train
img_003739,train
img_000603,validation
img_003713,train
img_003731,train
img_000457,train
img_003732,train
img_001971,validation
img_002775,validation
img_002834,train
img_001415,test
img_000280,test
img_000742,train
img_000192,train
img_000775,test
img_000184,train
img_003085,test
img_002952,train
img_000863,train
img_000045,validation
img_000981,train
img_002174,train
img_000662,train
img_001148,train
img_002312,validation
img_002852,train
img_002982,train
img_000879,validation
img_002732,train
img_002481,train
img_000627,train
img_002550,train
img_003680,validation
img_000033,train
img_002235,test
img_002008,train
img_000146,train
img_002243,train
img_002787,validation
img_000836,train
img_000114,validation
img_000978,train
img_002437,train
img_003321,train
img_001468,train
img_002715,validation
img_000941,train
img_000929,validation
img_003268,train
img_003665,train
img_000363,train
img_000725,validation
img_000990,train
img_002343,test
img_002664,train
img_001531,validation
img_000003,train
img_001680,test
img_001740,train
img_000055,train
img_003402,validation
img_002840,train
img_001806,validation
img_003270,train
img_002886,train
img_000898,train
img_001462,train
img_001254,validation
img_001825,train
img_003573,test
img_002050,train
img_001467,train
img_002878,train
img_003458,train
img_002135,train
img_003314,train
img_000789,test
img_001209,test
img_000067,train
img_002783,validation
img_002126,train
img_000138,validation
img_002473,train
img_001703,train
img_001946,test
img_001192,train
img_002201,train
img_001335,test
img_003673,train
img_002831,validation
img_001292,train
img_000442,validation
img_000900,train
img_002055,test
img_000177,train
img_002609,train
img_001895,train
img_003440,train
img_002773,train
img_000357,train
img_001442,train
img_001626,train
img_002531,test
img_003512,test
img_000569,train
img_003093,train
img_000903,train
img_001003,train
img_000366,validation
img_001925,train
img_000186,train
img_003611,train
img_000813,train
img_001528,validation
img_001327,train
img_002144,test
img_003360,train
img_001865,train
img_001638,train
img_001262,test
img_003200,train
img_000305,train
img_002608,validation
img_003123,test
img_002875,train
img_001187,train
img_000225,validation
img_000726,train
img_001715,train
img_002274,train
img_001236,train
img_003295,train
img_000614,validation
img_003623,train
img_002932,train
img_000809,validation
img_002325,train
img_003516,test
img_000955,train
img_000717,train
img_000205,train
img_001885,test
img_002277,train
img_001833,validation
img_002898,train
img_001239,validation
img_000347,train
img_001372,test
img_002745,train
img_002881,train
img_001804,train
img_002991,validation
img_003588,train
img_003558,test
img_001516,test
img_000935,train
img_000921,train
img_003406,train
img_002490,test
img_002400,train
img_000390,validation
img_000463,train
img_003301,train
img_000398,test
img_000575,validation
img_000826,train
img_000391,train
img_000290,test
img_001490,validation
img_000180,train
img_002357,train
img_000692,test
img_003086,train
img_002216,train
img_001690,train
img_003545,train
img_002059,train
img_003571,train
img_002940,test
img_000467,train
img_002705,train
img_002665,test
img_003559,train
img_001581,validation
img_003201,test
img_001861,validation
img_002825,train
img_003410,train
img_000028,test
img_001987,train
img_003026,validation
img_000746,train
img_003290,test
img_000376,train
img_000054,train
img_003509,train
img_000245,train
img_000383,train
img_002919,validation
img_002539,test
img_003130,train
img_000142,train
img_002391,validation
img_002824,train
img_001061,train
img_000647,validation
img_003479,test
img_003104,train
img_001796,train
img_002493,train
img_003129,train
img_001445,test
img_003045,train
img_003432,train
img_002868,train
img_001175,train
img_000827,train
img_002753,train
img_000125,train
img_000729,train
img_002646,test
img_000880,test
img_002224,test
img_000673,validation
img_002838,train
img_000989,test
img_002990,train
img_002333,validation
img_000963,train
img_003249,test
img_002807,validation
img_003347,test
img_003174,test
img_000237,train
img_002043,validation
img_002313,train
img_002694,train
img_000072,train
img_001392,test
img_002183,train
img_000039,train
img_001488,train
img_000121,train
img_002479,validation
img_001509,validation
img_003043,validation
img_000396,train
img_000539,validation
img_000910,validation
img_002111,train
img_000677,validation
img_000025,train
img_001842,train
img_003549,train
img_003366,train
img_003734,test
img_000082,train
img_000629,test
img_000688,test
img_003409,train
img_001090,train
img_003254,train
img_001116,validation
img_002644,train
img_002985,validation
img_002582,train
img_003376,validation
img_001547,test
img_001185,train
img_001978,train
img_002332,test
img_001374,train
img_002307,validation
img_001909,validation
img_002466,train
img_002797,train
img_002728,test
img_000760,validation
img_002581,validation
img_001026,train
img_000352,train
img_002194,train
img_000380,test
img_001779,train
img_001587,train
img_002848,validation
img_000766,train
img_000368,train
img_001268,train
img_000173,train
img_003382,test
img_000300,train
img_002102,train
img_003531,train
img_002478,train
img_000560,train
img_002308,validation
img_002856,train
img_003231,train
img_000676,train
img_003297,train
img_001189,validation
img_003258,train
img_000042,train
img_003683,test
img_001059,train
img_003688,test
img_003192,train
img_001150,train
img_000065,test
img_002232,train
img_003662,train
img_000582,validation
img_003056,validation
img_003373,validation
img_000010,validation
img_001219,train
img_003278,train
img_000657,train
img_002911,train
img_001379,test
img_000149,train
img_003042,test
img_003102,test
img_001687,train
img_002560,train
img_001234,train
img_000749,test
img_000667,train
img_001829,train
img_002249,train
img_003058,train
img_000904,validation
img_003342,train
img_002966,test
img_002447,train
img_000037,train
img_001039,train
img_002316,train
img_000224,train
img_000077,train
img_002090,train
img_003285,test
img_003305,train
img_001086,train
img_002145,test
img_001364,test
img_002643,train
img_000933,train
img_002060,train
img_002028,train
img_003686,train
img_000684,test
img_002322,train
img_002798,train
img_000036,test
img_000649,train
img_000681,train
img_003511,train
img_002410,train
img_002403,train
img_003556,test
img_002270,train
img_001002,train
img_001100,train
img_002598,test
img_003465,validation
img_002833,train
img_000222,train
img_001596,validation
img_003144,train
img_000095,train
img_001050,train
img_000375,train
img_001811,train
img_000412,train
img_001835,train
img_000026,validation
img_000073,test
img_000221,train
img_001183,train
img_001612,train
img_000694,train
img_003150,train
img_003579,train
img_002956,validation
img_002976,train
img_001700,test
img_002007,train
img_000429,train
img_003049,test
img_003010,train
img_002805,validation
img_003416,train
img_003028,test
img_001504,test
img_000436,train
img_000562,train
img_002427,validation
img_003429,train
img_003485,train
img_000266,train
img_003615,train
img_000019,train
img_000847,train
img_002800,train
img_001963,test
img_003210,train
img_003501,train
img_000687,train
img_002468,train
img_002890,train
img_003723,test
img_000593,train
img_000802,train
img_002607,train
img_001180,train
img_001390,validation
img_003339,train
img_003455,train
img_001171,validation
img_001675,train
img_002591,train
img_000639,test
img_001228,validation
img_000548,train
img_002893,train
img_000320,train
img_000445,train
img_003483,train
img_002260,validation
img_003239,train
img_000669,train
img_001900,train
img_002652,train
img_003369,validation
img_002407,train
img_002413,train
img_000970,train
img_003241,validation
img_000063,train
img_000815,test
img_001398,train
img_000540,train
img_000828,validation
img_000620,train
img_000781,train
img_002627,train
img_000425,train
img_000745,train
img_000956,train
img_002538,validation
img_002964,train
img_000719,test
img_003503,train
img_003177,train
img_002542,train
img_000943,validation
img_001902,train
img_000925,train
img_001850,train
img_001594,train
img_000411,train
img_002498,validation
img_001006,test
img_001781,validation
img_002638,train
img_002505,test
img_002203,train
img_002620,test
img_002799,train
img_001748,train
img_002556,validation
img_002980,train
img_002418,train
img_003677,train
img_003717,train
img_000555,train
img_001856,train
img_000873,train
img_002074,train
img_001011,validation
img_002434,train
img_000536,train
img_001579,train
img_001887,test
img_001103,train
img_002842,test
img_001771,train
img_000644,test
img_003303,train
img_003075,train
img_001525,train
img_000761,validation
img_002836,validation
img_001853,train
img_002435,train
img_003216,train
img_002778,train
img_002779,train
img_001828,train
img_003112,train
img_003288,test
img_001660,train
img_001705,train
img_001028,train
img_002685,train
img_002387,validation
img_001910,train
img_001266,train
img_000483,validation
img_003189,train
img_000982,train
img_003315,train
img_002344,train
img_002178,validation
img_000641,train
img_000497,train
img_001264,test
img_001151,train
img_002939,train
img_002195,train
img_003124,train
img_000924,validation
img_003561,train
img_000093,train
img_002132,train
img_002520,train
img_002271,train
img_003105,train
img_003331,train
img_000886,validation
img_000322,train
img_001951,train
img_000520,train
img_003250,train
img_002853,train
img_001747,train
img_000448,train
img_001697,train
img_002058,validation
img_002553,train
img_000267,train
img_003690,train
img_002640,test
img_003022,train
img_000820,test
img_002470,test
img_000461,train
img_002198,train
img_002078,test
img_000086,validation
img_001544,train
img_001615,train
img_001566,train
img_000912,train
img_000195,test
img_001104,train
img_001800,train
img_002515,train
img_003172,train
img_001713,train
img_003706,train
img_003414,train
img_002242,train
img_003655,train
img_003070,train
img_002167,train
img_001533,validation
img_001156,train
img_000316,validation
img_000183,train
img_001354,train
img_001518,train
img_000846,validation
img_000545,train
img_003743,train
img_000917,train
img_002537,train
img_001284,test
img_002156,train
img_002534,test
img_002208,train
img_000271,train
img_000703,train
img_001111,train
img_001155,train
img_001888,test
img_003718,validation
img_001501,validation
img_001320,train
img_000550,test
img_002453,train
img_003312,train
img_002657,train
img_002424,train
img_000986,train
img_001252,train
img_003617,train
img_001278,validation
img_002170,train
img_001988,test
img_002633,train
img_002796,train
img_003693,test
img_001105,train
img_000991,validation
img_001202,validation
img_003600,validation
img_000258,validation
img_002222,train
img_002790,test
img_000519,train
img_001564,train
img_002118,test
img_000109,test
img_001205,train
img_001472,test
img_002697,test
img_001795,train
img_001018,train
img_003726,train
img_002760,train
img_001072,train
img_001692,train
img_001165,train
img_001955,train
img_000034,train
img_003664,train
img_001261,test
img_001807,train
img_001693,train
img_002305,test
img_000074,validation
img_001926,train
img_000035,test
img_001662,train
img_000561,train
img_000585,train
img_001378,train
img_001669,test
img_002547,train
img_001455,train
img_000659,test
img_001848,test
img_003224,train
img_002675,train
img_000705,train
img_001132,train
img_002823,train
img_003161,train
img_001302,train
img_003514,train
img_002234,train
img_002730,test
img_000254,train
img_001643,train
img_000370,train
img_001046,validation
img_002358,validation
img_000506,test
img_002247,validation
img_001661,test
img_001041,train
img_000027,train
img_003439,train
img_001917,train
img_003419,validation
img_002460,train
img_002264,train
img_003551,train
img_001201,validation
img_002914,validation
img_001430,train
img_003106,train
img_001667,train
img_000578,test
img_002110,train
img_000507,test
img_002965,train
img_003259,train
img_002094,test
img_002261,train
img_002721,train
img_003060,validation
img_001980,train
img_000450,test
img_002147,train
img_003386,test
img_000048,validation
img_001948,train
img_003203,train
img_000417,train
img_000559,train
img_001631,train
img_001539,test
img_001536,validation
img_000285,train
img_001088,train
img_000936,train
img_001110,train
img_001340,train
img_003009,train
img_002061,train
img_000268,train
img_001863,train
img_001580,test
img_003225,train
img_001600,train
img_000780,train
img_001352,test
img_001732,train
img_002552,train
img_002698,validation
img_000772,train
img_002024,train
img_003090,test
img_002851,train
img_002450,test
img_000663,test
img_002723,train
img_003126,train
img_002388,test
img_000175,test
img_001838,train
img_003560,train
img_002377,train
img_002266,train
img_002516,train
img_000973,train
img_001801,train
img_001077,validation
img_000196,train
img_002558,train
img_000440,train
img_001137,test
img_000485,train
img_002285,test
img_001176,train
img_000660,test
img_001730,train
img_002248,train
img_003378,train
img_002002,train
img_001862,train
img_002756,test
img_002654,train
img_002141,train
img_001270,train
img_002959,test
img_002056,test
img_003703,train
img_002155,train
img_003383,train
img_002163,train
img_003598,test
img_002202,train
img_001788,test
img_000870,train
img_001562,validation
img_002369,train
img_002499,train
img_001450,test
img_003111,train
img_002438,train
img_003522,validation
img_002360,validation
img_001535,train
img_000304,train
img_000897,train
img_001405,train
img_001145,train
img_000704,train
img_001736,train
img_002954,train
img_002356,train
img_003437,train
img_000798,train
img_000648,train
img_002808,test
img_001817,test
img_003220,train
img_001454,train
img_002915,train
img_002128,train
img_001644,validation
img_001097,train
img_003266,train
img_001751,train
img_001101,train
img_003368,train
img_001543,train
img_002293,train
img_001878,test
img_000275,train
img_002180,train
img_002593,train
img_002902,train
img_002166,train
img_003381,test
img_002928,train
img_003135,train
img_001074,test
img_000494,test
img_000887,train
img_001096,train
img_002880,train
img_001431,train
img_002120,train
img_000014,train
img_001030,train
img_003198,train
img_002988,train
img_000616,test
img_000476,validation
img_003141,validation
img_003011,train
img_001225,train
img_002749,train
img_001520,train
img_001742,train
img_002205,train
img_000089,train
img_003480,validation
img_003647,train
img_002363,test
img_000952,test
img_002950,test
img_002482,train
img_003424,train
img_003700,train
img_000530,train
img_000710,train
img_001768,train
img_001589,validation
img_000259,test
img_001935,train
img_003282,train
img_000859,train
img_003729,train
img_002930,validation
img_001064,test
img_000460,train
img_003103,train
img_001179,train
img_000858,validation
img_000018,train
img_001023,train
img_002075,test
img_000373,train
img_000871,train
img_003256,train
img_001328,train
img_000325,test
img_000564,train
img_000207,validation
img_000066,train
img_000053,train
img_003574,validation
img_002151,train
img_002625,train
img_002750,train
img_001541,validation
img_001319,train
img_000008,train
img_001458,train
img_001602,validation
img_001684,train
img_003318,train
img_000404,train
img_003521,train
img_001073,train
img_002275,validation
img_003701,train
img_001422,train
img_000132,validation
img_001947,train
img_000189,train
img_003555,train
img_002045,train
img_000150,train
img_003472,train
img_001332,train
img_000748,validation
img_001836,train
img_001945,train
img_000685,train
img_003715,train
img_001130,train
img_003113,train
img_000049,validation
img_000458,test
img_002584,train
img_002659,train
img_003711,train
img_002021,train
img_001341,validation
img_000654,train
img_003261,train
img_001275,train
img_003391,validation
img_002951,train
img_001394,test
img_002792,train
img_003267,train
img_000577,test
img_003371,train
img_000434,train
img_001710,validation
img_003492,train
img_000335,test
img_001162,train
img_003000,train
img_002150,train
img_000372,test
img_001750,validation
img_001368,train
img_003176,validation
img_002590,test
img_000874,train
img_002375,train
img_003005,train
img_002477,train
img_002979,train
img_001783,train
img_001919,train
img_000137,validation
img_003604,test
img_003352,test
img_000831,train
img_000621,test
img_001174,validation
img_001565,train
img_002686,train
img_000413,train
img_001816,train
img_002555,train
img_002573,validation
img_001250,train
img_000510,validation
img_001469,train
img_000522,train
img_001729,train
img_001197,train
img_002026,validation
img_000617,train
img_002065,train
img_002184,validation
img_002439,train
img_002543,train
img_002190,validation
img_001065,train
img_003217,train
img_002592,validation
img_002630,test
img_003407,train
img_000716,train
img_001698,train
img_002282,train
img_002215,test
img_001691,train
img_000163,train
img_000923,validation
img_002817,train
img_000792,test
img_003357,train
img_000489,train
img_001495,train
img_001577,train
img_003589,validation
img_001057,train
img_000097,train
img_002718,train
img_003117,train
img_000203,train
img_001996,train
img_001593,train
img_001668,validation
img_000505,validation
img_003497,test
img_002876,train
img_000896,train
img_001298,test
img_001894,test
img_003434,test
img_001992,train
img_003253,train
img_001859,train
img_001950,train
img_003427,train
img_000455,train
img_001794,train
img_003737,validation
img_001567,train
img_001457,train
img_000191,train
img_000796,train
img_002455,train
img_001285,train
img_001857,train
img_002086,train
img_002384,train
img_001772,train
img_003292,train
img_000276,train
img_002869,train
img_001157,train
img_001216,train
img_001098,train
img_002865,train
img_003265,test
img_000930,test
img_001595,train
img_003171,train
img_002830,train
img_001147,train
img_000594,train
img_001481,train
img_000443,train
img_002912,train
img_002729,train
img_000948,train
img_003643,train
img_003436,validation
img_000723,train
img_003538,test
img_002295,train
img_001918,validation
img_002082,train
img_000229,train
img_000950,train
img_000652,train
img_001330,test
img_001762,validation
img_003033,train
img_001115,train
img_001924,train
img_003142,validation
img_000702,train
img_002134,train
img_001483,validation
img_000107,validation
img_003299,test
img_001881,train
img_000602,train
img_000169,validation
img_000922,test
img_002117,train
img_000269,train
img_000794,train
img_000253,train
img_002605,train
img_001529,train
img_002039,test
img_001128,train
img_000103,train
img_001867,train
img_000233,test
img_000419,test
img_003140,train
img_001617,train
img_003477,train
img_000883,train
img_000600,validation
img_002095,test
img_000999,train
img_000340,train
img_000209,train
img_003030,train
img_002938,train
img_000317,train
img_001193,test
img_002623,validation
img_003242,train
img_002258,train
img_002496,validation
img_001401,train
img_000264,train
img_003183,train
img_001181,test
img_002837,validation
img_000972,train
img_001608,train
img_003491,validation
img_003385,test
img_002162,train
img_000241,train
img_002206,validation
img_003322,train
img_002617,train
img_002294,validation
img_001959,train
img_002426,train
img_001035,validation
img_001986,train
img_003727,validation
img_001149,train
img_003447,train
img_002717,test
img_001569,test
img_000481,train
img_003666,train
img_000857,train
img_002044,train
img_000359,train
img_003539,train
img_003053,validation
img_000492,train
img_000315,train
img_003553,train
img_003032,train
img_002713,validation
img_001927,train
img_001245,test
img_002501,train
img_000334,train
img_000853,train
img_002758,train
img_000854,train
img_000354,train
img_000735,test
img_003667,train
img_001447,train
img_002949,test
img_003527,train
img_001118,train
img_001277,train
img_002874,train
img_003550,train
img_003495,train
img_003247,train
img_001045,train
img_002789,test
img_003271,train
img_002777,train
img_002383,train
img_001805,train
img_000693,train
img_000416,train
img_003181,train
img_001879,test
img_001241,train
img_000157,train
img_000893,test
img_000595,train
img_001731,train
img_003548,train
img_000752,train
img_000945,validation
img_000549,train
img_003136,train
img_002566,train
img_001170,test
img_001311,validation
img_001366,train
img_003073,validation
img_000454,train
img_003468,train
img_002113,train
img_001549,train
img_000484,train
img_003496,train
img_001482,train
img_003289,test
img_001821,train
img_000985,validation
img_002428,validation
img_001737,validation
img_001726,train
img_001839,validation
img_000554,train
img_002551,test
img_002411,train
img_002673,train
img_002368,train
img_000219,train
img_003041,train
img_003323,train
img_002616,test
img_001990,validation
img_000047,train
img_001521,train
img_003696,train
img_001093,train
img_002062,validation
img_001714,train
img_002632,train
img_000136,train
img_000712,train
img_001257,train
img_002611,train
img_001583,train
img_002513,train
img_003563,train
img_001648,train
img_003246,test
img_002618,test
img_003476,validation
img_000604,validation
img_003218,train
img_000117,train
img_000830,train
img_002953,train
img_002971,train
img_003122,train
img_003313,train
img_002433,train
img_000216,train
img_001233,test
img_000247,train
img_002908,train
img_002160,test
img_000319,train
img_001402,train
img_002512,train
img_002791,train
img_002614,train
img_000330,train
img_002161,validation
img_001860,train
img_000187,train
img_001651,train
img_002906,test
img_000199,train
img_003310,train
img_000862,validation
img_000591,train
img_003214,train
img_001799,test
img_003160,train
img_003163,train
img_002494,train
img_001720,train
img_000633,validation
img_001152,train
img_000814,train
img_002281,train
img_001267,train
img_000353,validation
img_001985,train
img_000012,train
img_001124,train
img_001423,train
img_002711,validation
img_000348,train
img_001688,train
img_000294,train
img_000158,train
img_002283,train
img_002223,validation
img_001043,train
img_000217,train
img_002116,test
img_003215,test
img_001186,train
img_002887,train
img_002668,train
img_000480,train
img_003658,train
img_002351,test
img_002606,train
img_002256,train
img_000584,validation
img_002495,train
img_001962,test
img_002917,validation
img_003074,test
img_002330,train
img_002529,train
img_002005,train
img_003148,validation
img_001802,train
img_000509,train
img_003021,test
img_003031,train
img_003687,validation
img_000997,train
img_001815,train
img_002935,validation
img_000788,test
img_000155,train
img_001287,train
img_000015,train
img_000043,test
img_001326,train
img_001967,train
img_002385,train
img_000430,train
img_002417,train
img_003023,test
img_001640,train
img_002895,train
img_003081,validation
img_001143,train
img_000246,test
img_001119,train
img_002712,train
img_001303,train
img_002765,validation
img_003194,train
img_000566,train
img_000272,test
img_002000,test
img_002871,train
img_002846,train
img_002916,train
img_001989,test
img_002268,train
img_000551,train
img_002137,test
img_000514,train
img_000805,validation
img_003456,train
img_001203,train
img_002747,train
img_001014,train
img_000605,train
img_002786,test
img_000273,test
img_003587,train
img_002397,test
img_003333,train
img_002741,train
img_000213,test
img_003634,train
img_002487,test
img_002884,train
img_002449,train
img_001898,train
img_001654,train
img_001738,train
img_002724,test
img_002522,train
img_001813,train
img_001037,train
img_001502,test
img_000872,train
img_000239,train
img_001283,train
img_000208,train
img_000162,train
img_001440,train
img_001336,test
img_000586,test
img_001393,train
img_002742,train
img_003526,train
img_002661,test
img_002978,train
img_000328,train
img_002334,train
img_002866,train
img_000650,validation
img_000343,train
img_001317,train
img_002245,train
img_002984,train
img_002101,train
img_001682,train
img_000916,validation
img_000834,test
img_003449,train
img_001761,train
img_002541,train
img_000122,train
img_000579,test
img_001139,validation
img_001922,train
img_000618,test
img_002923,test
img_000424,train
img_001722,validation
img_001456,train
img_001013,validation
img_000397,train
img_000806,train
img_001200,train
img_003358,train
img_003629,train
img_002610,train
img_000310,train
img_000640,train
img_000389,test
img_002740,test
img_001178,train
img_001172,test
img_001650,train
img_001213,train
img_002710,test
img_002784,train
img_000645,train
img_000171,train
img_000932,train
img_001076,train
img_003336,train
img_001778,test
img_001670,train
img_001537,train
img_003631,validation
img_001614,train
img_000260,validation
img_002399,train
img_001308,train
img_003583,train
img_003616,validation
img_000791,train
img_001818,train
img_000524,validation
img_001709,train
img_000882,train
img_003346,train
img_001348,train
img_001592,test
img_001601,train
img_002335,validation
img_003515,validation
img_000336,test
img_002278,validation
img_000470,train
img_001575,train
img_002168,train
img_003580,test
img_003722,train
img_002545,train
img_002420,test
img_002311,train
img_001314,train
img_001830,train
img_003273,train
img_003740,train
img_001158,train
img_000111,train
img_003452,train
img_003475,train
img_002770,test
img_002480,train
img_000786,validation
img_000851,train
img_001214,train
img_002699,validation
img_003422,validation
img_000782,train
img_003332,train
img_002669,train
img_001809,test
img_003154,train
img_001746,validation
img_002635,train
img_003082,train
img_001870,train
img_002500,test
img_001718,validation
img_002656,train
img_002299,train
img_002341,train
img_001798,train
img_000960,train
img_003363,train
img_000101,train
img_001056,train
img_001404,validation
img_001474,train
img_000679,validation
img_000881,train
img_001679,train
img_002140,train
img_000965,train
img_003438,train
img_001040,validation
img_001591,train
img_001826,test
img_002239,test
img_001242,validation
img_002577,validation
img_003002,train
img_000966,train
img_000080,train
img_002629,train
img_000321,train
img_000178,train
img_001313,test
img_000843,train
img_003235,train
img_000090,train
img_001377,train
img_003650,test
img_002680,test
img_001623,train
img_001166,train
img_001051,train
img_003596,validation
img_000753,train
img_002870,train
img_000974,test
img_002484,train
img_002290,train
img_003230,train
img_001427,train
img_001324,train
img_000339,train
img_001621,validation
img_000423,test
img_000263,validation
img_003626,train
img_001212,train
img_002561,train
img_003319,train
img_002934,train
img_003595,train
img_001343,train
img_001507,train
img_001831,train
img_003207,test
img_002064,train
img_002441,train
img_002471,train
img_001491,train
img_002972,train
img_003173,train
img_000170,validation
img_001724,train
img_000038,train
img_002821,train
img_002226,train
img_003577,validation
img_002882,train
img_002768,train
img_001291,train
img_001079,test
img_002521,train
img_002863,train
img_003392,train
img_001908,train
img_000009,train
img_000822,train
img_000057,train
img_003211,test
img_001686,train
img_001512,test
img_003594,train
img_002172,validation
img_002722,test
img_003147,train
img_001282,validation
img_002975,test
img_000979,train
img_002011,train
img_003084,validation
img_002879,train
img_000472,train
img_002408,validation
img_001376,train
img_002819,train
img_000779,train
img_000504,validation
img_000721,train
img_000181,train
img_000613,test
img_000983,train
img_003536,train
img_001044,validation
img_003681,train
img_002569,train
img_000032,validation
img_000356,train
img_002788,train
img_002927,validation
img_003469,validation
img_001678,train
img_003309,train
img_001477,validation
img_000920,train
img_003446,train
img_001363,train
img_002872,train
img_000488,train
img_001293,train
img_001371,train
img_000495,test
img_001473,test
img_000001,train
img_002489,validation
img_002802,train
img_000653,validation
img_002769,train
img_003637,validation
img_002291,train
img_000844,test
img_002326,test
img_002003,test
img_000980,test
img_000907,test
img_003570,train
img_000534,train
img_002297,validation
img_002511,test
img_003520,train
img_000051,test
img_003025,train
img_002338,train
img_002854,test
img_002997,validation
img_002346,validation
img_000143,train
img_001930,train
img_003699,validation
img_000071,test
img_002920,test
img_001965,train
img_001542,train
img_003627,validation
img_000023,train
img_001089,validation
img_003089,train
img_002931,validation
img_002764,test
img_001723,train
img_001055,test
img_001733,test
img_001409,train
img_000732,train
img_003343,train
img_000841,test
img_003581,train
img_002233,validation
img_001196,train
img_003248,train
img_000307,train
img_003578,train
img_002401,train
img_001639,validation
img_001198,train
img_001763,validation
img_001637,train
img_000006,train
img_000984,train
img_000770,train
img_000992,train
img_003098,validation
img_003362,test
img_003747,train
img_000115,train
img_002463,train
img_001745,validation
img_003528,train
img_001977,train
img_001032,validation
img_003119,train
img_003562,train
img_000238,train
img_002613,validation
img_002185,train
img_000386,train
img_001207,validation
img_002462,train
img_003236,train
img_000765,train
img_003379,train
img_002123,train
img_001133,test
img_000891,test
img_000824,test
img_003606,train
img_002814,train
img_000479,train
img_000790,test
img_002731,train
img_001586,train
img_000147,train
img_001937,train
img_002472,train
img_001485,train
img_001530,validation
img_000201,train
img_002596,validation
img_003275,train
img_002131,train
img_002785,train
img_001222,validation
img_003451,train
img_000877,train
img_002636,train
img_002913,test
img_002354,validation
img_001016,test
img_001921,train
img_002803,train
img_000243,train
img_001892,test
img_000738,test
img_001370,train
img_001024,train
img_003420,train
img_001760,train
img_000849,train
img_002084,validation
img_000823,train
img_001091,train
img_001960,train
img_000085,train
img_000240,validation
img_002217,train
img_001001,train
img_000361,train
img_002429,train
img_001896,test
img_003008,train
img_002448,train
img_003632,train
img_000543,train
img_001743,validation
img_003197,train
img_003620,validation
img_000314,train
img_001112,validation
img_002612,train
img_001511,validation
img_003396,train
img_002459,train
img_003710,test
img_000244,train
img_000256,validation
img_002025,validation
img_000998,train
img_001167,train
img_002942,train
img_001819,train
img_002015,test
img_002761,train
img_002267,train
img_000642,validation
img_000342,train
img_000964,train
img_003601,validation
img_003165,test
img_000601,train
img_002812,train
img_000395,train
img_000523,train
img_000934,validation
img_002032,train
img_000100,train
img_002412,train
img_002594,train
img_000360,validation
img_003569,train
img_000465,train
img_002241,train
img_000610,train
img_002284,train
img_001656,train
img_002347,train
img_001629,validation
img_001400,train
img_003054,train
img_001279,validation
img_003252,train
img_000975,test
img_003730,test
img_002474,train
img_000962,train
img_003390,train
img_003237,train
img_003190,train
img_003087,test
img_001125,train
img_000718,train
img_003648,train
img_002173,train
img_000799,validation
img_002767,train
img_000234,validation
img_000188,train
img_001146,test
img_002219,test
img_000951,test
img_001460,train
img_002735,train
img_001866,train
img_000512,train
img_000131,train
img_003720,train
img_001397,train
img_000587,train
img_001609,train
img_001004,train
img_002073,train
img_003175,test
img_002532,train
img_000666,train
img_001932,train
img_001229,validation
img_001092,validation
img_001797,train
img_002858,train
img_002867,test
img_003300,train
img_003461,validation
img_000297,train
img_001478,train
img_001613,train
img_002035,test
img_002104,train
img_002022,validation
img_002996,validation
img_001078,train
img_002030,train
img_003166,train
img_002069,train
img_000468,train
img_000289,train
img_000855,validation
img_002263,validation
img_000503,train
img_001288,validation
img_001169,test
img_003585,train
img_001744,train
img_000724,test
img_000671,test
img_000139,test
img_003116,train
img_000194,train
img_002031,validation
img_002112,train
img_001349,test
img_003466,train
img_001704,test
img_000976,train
img_003064,validation
img_002339,train
img_003702,train
img_001489,train
img_002677,train
img_001610,validation
img_000151,train
img_000532,train
img_000172,validation
img_000462,train
img_002864,validation
img_001391,train
img_002947,train
img_000674,train
img_001444,train
img_000706,train
img_003659,train
img_002124,validation
img_000141,train
img_002023,validation
img_002497,validation
img_002709,train
img_002958,validation
img_003091,test
img_003326,train
img_001357,train
img_001329,train
img_002905,train
img_000708,train
img_003540,validation
img_000651,validation
img_002259,train
img_001956,train
img_003607,test
img_000295,train
img_001923,validation
img_001966,train
img_001437,test
img_002370,validation
img_002279,train
img_003500,train
img_003612,validation
img_002860,train
img_001249,validation
img_003609,train
img_001399,train
img_002379,train
img_002049,train
img_001036,train
img_003170,train
img_001841,train
img_000713,train
img_000501,train
img_002910,train
img_002525,test
img_000609,train
img_000764,test
img_000771,train
img_000292,train
img_002336,validation
img_000573,train
img_003110,train
img_003038,train
img_002708,test
img_002816,train
img_002599,train
